Month,Normal Weather,High-Rainfall (Monsoon Surge),Low-Rainfall (Drought)
202607,37.97145661315885,37.97145661315885,37.97145661315885
202608,57.34671967607548,65.51946539026154,49.173973961889416
202609,65.17245262682945,76.35708448743183,53.98782076622706
202610,58.901172863761175,65.90772816446656,51.89461756305579
202611,43.79336603651635,45.00921043479767,42.577521638235034
202612,32.42251468099188,32.633499614013566,32.21152974797019
